Control_ID,TSC_Category,Control_Statement,Owner,Frequency,System_Tool,Evidence_Required,Evidence_Location,How_To_Generate,Status,Exceptions,Notes
CC1.1,Control Environment,Management demonstrates commitment to integrity and ethical values,CEO,Annual,Handbook/Policy,Code of conduct signed by all personnel,compliance-evidence/soc2/YYYY/training-policy-ack/,HR system export or signed acknowledgments,NEEDS_IMPLEMENTATION,None,Create code of conduct document
CC1.2,Control Environment,Board/management provides oversight of security program,CEO,Quarterly,Meeting Notes,Security review meeting minutes,compliance-evidence/soc2/YYYY/YYYY-MM/governance/,Meeting notes with security discussion,NEEDS_IMPLEMENTATION,None,Document quarterly security reviews
CC1.3,Control Environment,Management establishes structures and reporting lines,CEO,Annual,Org Chart,Org chart showing security responsibilities,compliance-evidence/soc2/YYYY/governance/,Export org chart with roles,NEEDS_IMPLEMENTATION,None,Small team - document roles clearly
CC1.4,Control Environment,Organization demonstrates commitment to competence,CEO,Annual,HR/Training,Training records and job descriptions,compliance-evidence/soc2/YYYY/training-policy-ack/,Training completion exports,NEEDS_IMPLEMENTATION,None,Security awareness training needed
CC1.5,Control Environment,Organization enforces accountability,CEO,Annual,HR Policy,Performance reviews include security,compliance-evidence/soc2/YYYY/governance/,Policy document + review template,NEEDS_IMPLEMENTATION,None,Document security in reviews
CC2.1,Communication,Organization communicates security information internally,Security Lead,Ongoing,Slack/Email,Security announcements and updates,compliance-evidence/soc2/YYYY/YYYY-MM/communication/,Email/Slack exports,NEEDS_IMPLEMENTATION,None,Establish security channel
CC2.2,Communication,Organization communicates with external parties,Security Lead,As Needed,Email/Website,Customer security notifications,compliance-evidence/soc2/YYYY/YYYY-MM/communication/,Email records of notifications,NEEDS_IMPLEMENTATION,None,Create security@aegis.io
CC2.3,Communication,Organization communicates about internal control deficiencies,Security Lead,As Needed,Jira/Email,Issue tracking for deficiencies,compliance-evidence/soc2/YYYY/YYYY-MM/communication/,Jira exports of security issues,NEEDS_IMPLEMENTATION,None,Tag security issues in Jira
CC3.1,Risk Assessment,Organization specifies security objectives,Security Lead,Annual,Risk Assessment,Documented security objectives,compliance-evidence/soc2/YYYY/risk-management/,Risk assessment document,NEEDS_IMPLEMENTATION,None,Create formal risk assessment
CC3.2,Risk Assessment,Organization identifies and analyzes risks,Security Lead,Annual,Risk Register,Risk register with ratings,compliance-evidence/soc2/YYYY/risk-management/,Risk register spreadsheet,NEEDS_IMPLEMENTATION,None,Create risk register
CC3.3,Risk Assessment,Organization considers fraud risk,Security Lead,Annual,Risk Assessment,Fraud risk assessment,compliance-evidence/soc2/YYYY/risk-management/,Fraud controls in risk assessment,NEEDS_IMPLEMENTATION,None,Add fraud scenarios to risk assessment
CC3.4,Risk Assessment,Organization identifies and assesses changes,Security Lead,Ongoing,Change Mgmt,Change impact assessments,compliance-evidence/soc2/YYYY/YYYY-MM/change-management/,PR descriptions with security impact,PARTIAL,None,Document security impact in PRs
CC4.1,Monitoring,Organization selects and develops monitoring activities,Security Lead,Ongoing,Prometheus/Alerts,Monitoring configuration and alerts,compliance-evidence/soc2/YYYY/logging-monitoring/,Alert rules export,PARTIAL,None,Prometheus exists - document alerts
CC4.2,Monitoring,Organization evaluates and communicates deficiencies,Security Lead,Ongoing,Jira,Security findings and remediation,compliance-evidence/soc2/YYYY/YYYY-MM/vuln-management/,Jira security issue exports,NEEDS_IMPLEMENTATION,None,Create vuln tracking process
CC5.1,Control Activities,Organization selects and develops control activities,Security Lead,Annual,Control Matrix,This control matrix,compliance-evidence/soc2/YYYY/governance/,Export this document,IN_PROGRESS,None,This document
CC5.2,Control Activities,Organization selects and develops technology controls,Engineering Lead,Ongoing,GitHub/AWS,Technical control configurations,compliance-evidence/soc2/YYYY/YYYY-MM/ci-cd-security/,scripts/compliance exports,PARTIAL,None,Automation scripts needed
CC5.3,Control Activities,Organization deploys controls through policies,Security Lead,Ongoing,Policy Docs,Policies mapped to technical controls,compliance-evidence/soc2/YYYY/governance/,Policy with control mapping,PARTIAL,None,Policies exist - need mapping
CC6.1,Logical Access,Organization implements logical access security,Security Lead,Ongoing,GitHub/AWS/Keycloak,Access control configurations,compliance-evidence/soc2/YYYY/YYYY-MM/access-reviews/,export_github_security_baseline.sh,PARTIAL,None,Multiple systems - consolidate
CC6.2,Logical Access,Organization provisions and removes access,Security Lead,As Needed,GitHub/AWS/IdP,Provisioning and deprovisioning evidence,compliance-evidence/soc2/YYYY/YYYY-MM/access-reviews/,Onboarding/offboarding tickets,NEEDS_IMPLEMENTATION,None,Create formal process
CC6.3,Logical Access,Organization removes access upon termination,Security Lead,As Needed,GitHub/AWS/IdP,Termination access removal evidence,compliance-evidence/soc2/YYYY/YYYY-MM/access-reviews/,Offboarding checklist completion,NEEDS_IMPLEMENTATION,None,Create termination checklist
CC6.4,Logical Access,Organization reviews and validates access,Security Lead,Quarterly,GitHub/AWS/IdP,Quarterly access review records,compliance-evidence/soc2/YYYY/QX/access-reviews/,Access list exports + certifications,NEEDS_IMPLEMENTATION,None,Implement quarterly reviews
CC6.5,Logical Access,Organization restricts physical access,N/A,N/A,Cloud-hosted,Cloud provider SOC 2 reports,compliance-evidence/soc2/YYYY/vendor-management/,AWS/GCP SOC 2 reports,INHERITED,None,Inherited from AWS GovCloud
CC6.6,Logical Access,Organization implements authentication controls,Security Lead,Ongoing,IdP/GitHub/AWS,MFA configuration evidence,compliance-evidence/soc2/YYYY/YYYY-MM/access-reviews/,MFA status reports,PARTIAL,None,MFA exists but not centralized
CC6.7,Logical Access,Organization restricts access based on role,Security Lead,Ongoing,GitHub/AWS/K8s,RBAC configurations,compliance-evidence/soc2/YYYY/YYYY-MM/access-reviews/,RBAC policy exports,PARTIAL,None,RBAC exists - document
CC6.8,Logical Access,Organization prevents malicious software,Engineering Lead,Ongoing,CI/CD/Endpoints,Malware protection evidence,compliance-evidence/soc2/YYYY/YYYY-MM/vuln-management/,Container scan reports,PARTIAL,None,Container scanning needed
CC7.1,System Operations,Organization detects vulnerabilities,Security Lead,Weekly,Dependabot/Trivy,Vulnerability scan reports,compliance-evidence/soc2/YYYY/YYYY-MM/vuln-management/,export_ci_reports.sh,NEEDS_IMPLEMENTATION,None,Enable Dependabot + container scanning
CC7.2,System Operations,Organization monitors system components,Engineering Lead,Ongoing,Prometheus/CloudWatch,Monitoring dashboards and logs,compliance-evidence/soc2/YYYY/YYYY-MM/logging-monitoring/,Dashboard screenshots + log samples,PARTIAL,None,Prometheus exists
CC7.3,System Operations,Organization evaluates security events,Security Lead,Ongoing,SIEM/Alerts,Alert investigation records,compliance-evidence/soc2/YYYY/YYYY-MM/incident-response/,Alert triage records,NEEDS_IMPLEMENTATION,None,Create alert triage process
CC7.4,System Operations,Organization responds to security incidents,Security Lead,As Needed,Jira/Runbook,Incident response records,compliance-evidence/soc2/YYYY/YYYY-MM/incident-response/,IR ticket exports,NEEDS_IMPLEMENTATION,None,IR runbook exists - implement
CC7.5,System Operations,Organization recovers from incidents,Security Lead,As Needed,DR Plan,Recovery test records,compliance-evidence/soc2/YYYY/backups-dr/,DR test results,NEEDS_IMPLEMENTATION,None,Create and test DR plan
CC8.1,Change Management,Organization manages changes,Engineering Lead,Ongoing,GitHub,PR records with reviews and approvals,compliance-evidence/soc2/YYYY/YYYY-MM/change-management/,export_github_security_baseline.sh,PARTIAL,None,PRs exist - add protections
CC9.1,Risk Mitigation,Organization identifies and manages vendor risks,Security Lead,Annual,Vendor List,Vendor assessment records,compliance-evidence/soc2/YYYY/vendor-management/,Vendor inventory + SOC 2 reports,NEEDS_IMPLEMENTATION,None,Create vendor inventory
CC9.2,Risk Mitigation,Organization implements business continuity,Engineering Lead,Annual,BC/DR Plan,BC/DR plan and test results,compliance-evidence/soc2/YYYY/backups-dr/,BC/DR test reports,NEEDS_IMPLEMENTATION,None,Create BC/DR plan
# AVAILABILITY CONTROLS - OUT OF SCOPE (Model B only - Security TSC only)
# Uncomment when expanding to Model C managed services
#A1.1,Availability,Organization maintains system availability,Engineering Lead,Ongoing,Monitoring,Uptime reports and capacity metrics,compliance-evidence/soc2/YYYY/YYYY-MM/logging-monitoring/,Uptime dashboard exports,OUT_OF_SCOPE,None,Add for Model C
#A1.2,Availability,Organization protects against environmental threats,N/A,N/A,Cloud-hosted,Cloud provider controls,compliance-evidence/soc2/YYYY/vendor-management/,AWS SOC 2 report,OUT_OF_SCOPE,None,Add for Model C
#A1.3,Availability,Organization implements recovery procedures,Engineering Lead,Annual,Backup/DR,Backup and recovery test records,compliance-evidence/soc2/YYYY/backups-dr/,Backup completion + restore tests,OUT_OF_SCOPE,None,Add for Model C
